id,firstname,lastname,date_of_birth
100,Rebeca,Shaddock,2010-06-13
101,Myrtice,Gaal,1972-05-12
102,Corene,Vivle,1977-06-14
103,Marti,Kinnard,1962-12-03
104,Katharina,Korey,1980-02-23
105,Hallie,Jammal,1969-02-08
106,Cacilie,Reneta,2001-03-31
107,Madelle,Diogenes,2004-08-29
108,Paule,Karylin,1985-07-01
109,Marline,Angelis,1990-02-03
110,Willetta,Kamaria,2017-08-06
111,Krystle,Pyle,1955-09-20
112,Darlleen,Leffen,1981-08-17
113,Zondra,Carmena,2013-11-28
114,Betta,Westphal,1993-06-20
115,Consuela,Nikaniki,1994-11-17
116,Romona,Felecia,1991-03-06
117,Rhea,Urias,1964-08-10
118,Tami,Carvey,1981-08-26
119,Steffane,Sancho,1967-01-24
120,Lenna,Kylander,1988-10-11
121,Mireielle,Montgomery,2002-11-28
122,Evaleen,Lowry,1995-01-03
123,Marcy,Tybald,2002-05-19
124,Chandra,Muriel,1992-12-02
125,Phylis,Karna,2007-12-18
126,Jillayne,Dawkins,1977-04-08
127,Ninnetta,Terencio,1957-04-12
128,Kathy,Nadia,2002-11-05
129,Kore,Durware,1955-01-26
130,Gretal,Ailyn,1976-04-29
131,Rayna,Oscar,1980-04-24
132,Lisette,Dudley,1994-07-08
133,Rozele,Emanuel,2005-05-04
134,Fawne,Briney,1957-12-19
135,Heida,Chick,1989-09-11
136,Kaia,Jess,1994-08-22
137,Rivalee,Tybald,1992-02-04
138,Moyna,Plato,1963-03-02
139,Carree,Whiffen,1996-08-18
140,Brooks,Ellerey,2003-12-07
141,Charissa,Soneson,1951-02-13
142,Ruthe,Jaylene,1950-12-09
143,Viviene,Chinua,2012-01-24
144,Aryn,Ashok,2017-01-31
145,Chandra,Whittaker,1983-07-26
146,Tersina,Tiffa,2014-05-22
147,Ermengarde,Karl,1959-02-17
148,Delilah,Himelman,1979-07-20